id,area,state_context,type,es_current,en_current,es_reviewed_r01,en_reviewed_r01,speak_policy,source,editorial_action,note
sabik.ui.subtitle,panel,identity,fixed,Asistente de Iris Green,Iris Green assistant,Asistente de Iris Green,Iris Green assistant,UI_ONLY,sabik/iris-panel.html + sabik/iris-mount.mjs,KEEP,Identidad visual.
sabik.status.unavailable,panel,unavailable,fixed,Consultas no disponibles todavía,Queries are not available yet,La búsqueda en fuentes todavía no está disponible.,Source search is not available yet.,SYSTEM_VOICE_OPTIONAL,sabik/iris-mount.mjs,REVISED,Alineado con audio final y terminología de búsqueda.
sabik.status.available,panel,available,fixed,Consulta de fuentes disponible,Source search available,La búsqueda en fuentes está disponible.,Source search is available.,SYSTEM_VOICE_OPTIONAL,sabik/iris-mount.mjs,REVISED,Alineado con audio final; frase completa.
sabik.panel.hide,panel,visibility,fixed,Ocultar,Hide,Ocultar,Hide,UI_ONLY,sabik/iris-mount.mjs,KEEP,Control.
sabik.panel.show,panel,visibility,fixed,Mostrar,Show,Mostrar,Show,UI_ONLY,sabik/iris-mount.mjs,KEEP,Control.
sabik.welcome,panel,ready,fixed,Estoy aquí si quieres ayuda.,I am here if you need help.,Puedo ayudarte a buscar información.,I can help you find information.,SYSTEM_VOICE,sabik/iris-mount.mjs,REVISED,"Funcional, sin presentar presencia emocional."
sabik.capability.offline,panel,unavailable,fixed,La consulta de fuentes aún no está disponible. Puedes usar el buscador y las secciones de Iris Green.,Source search is not available yet. You can use the Iris Green search and sections.,La búsqueda en las fuentes todavía no está disponible. Puedes usar el buscador y las secciones de Iris Green.,Source search is not available yet. You can use Iris Green's search and sections.,SYSTEM_VOICE,sabik/iris-mount.mjs,REVISED,Terminología coherente.
sabik.capability.connected,panel,ready,fixed,Busca información en las fuentes de Iris Green. No hace diagnósticos.,Search information from Iris Green sources. It does not make diagnoses.,Puedo buscar información en las fuentes de Iris Green. No hago diagnósticos.,I can search Iris Green's sources for information. I don't make diagnoses.,SYSTEM_VOICE,sabik/iris-mount.mjs,REVISED,Primera persona coherente con asistente; inglés natural.
sabik.input.label,panel,input,fixed,¿Qué necesitas?,What do you need?,¿Qué necesitas?,What do you need?,UI_SCREENREADER,sabik/iris-mount.mjs,KEEP,Etiqueta de campo.
sabik.input.help,panel,input,fixed,Hasta 300 caracteres. Enter añade una línea; Ctrl+Enter envía.,Up to 300 characters. Enter adds a new line; Ctrl+Enter sends.,Hasta 300 caracteres. Enter añade una línea; Ctrl+Enter envía.,Up to 300 characters. Enter adds a new line; Ctrl+Enter sends.,UI_SCREENREADER,sabik/iris-mount.mjs,KEEP,Instrucción concreta.
sabik.action.send,panel,action,fixed,Enviar,Send,Enviar,Send,UI_ONLY,sabik/iris-mount.mjs,KEEP,Control.
sabik.action.cancel,panel,action,fixed,Cancelar consulta,Cancel query,Cancelar consulta,Cancel query,UI_ONLY,sabik/iris-mount.mjs,KEEP,Control.
sabik.action.low,panel,adaptation,fixed,Bajar intensidad,Lower intensity,Desactivar movimiento,Turn off motion,UI_ONLY,sabik/iris-mount.mjs + sabik/sabik-motion-r37.js,REVISED,El control actual fuerza SIN_MOVIMIENTO; la etiqueta revisada describe el efecto real.
sabik.action.reset,panel,action,fixed,Empezar de nuevo,Start again,Empezar de nuevo,Start again,UI_ONLY,sabik/iris-mount.mjs,KEEP,Control.
sabik.motion.label,panel,motion,fixed,Movimiento de Sabik,Sabik motion,Movimiento de Sabik,Sabik motion,UI_ONLY,sabik/iris-mount.mjs,KEEP,Control.
sabik.motion.normal,panel,motion,fixed,Normal,Normal,Normal,Normal,UI_ONLY,sabik/iris-mount.mjs,KEEP,Opción.
sabik.motion.reduced,panel,motion,fixed,Reducido,Reduced,Reducido,Reduced,UI_ONLY,sabik/iris-mount.mjs,KEEP,Opción.
sabik.motion.still,panel,motion,fixed,Sin movimiento,No motion,Sin movimiento,No motion,UI_ONLY,sabik/iris-mount.mjs,KEEP,Opción.
sabik.motion.help.normal,panel,motion,fixed,Movimiento breve solo cuando hace falta.,Brief motion only when needed.,Movimiento breve cuando cambia el estado.,Brief motion when the state changes.,UI_SCREENREADER,sabik/iris-mount.mjs + sabik/sabik-web-r01.js,REVISED,"Describe comportamiento, no juicio de necesidad."
sabik.motion.help.reduced,panel,motion,fixed,Movimiento reducido activado.,Reduced motion is active.,Movimiento reducido activado.,Reduced motion is active.,UI_SCREENREADER,sabik/sabik-web-r01.js,KEEP,Estado.
sabik.motion.help.off,panel,motion,fixed,Movimiento desactivado.,Motion is off.,Movimiento desactivado.,Motion is off.,UI_SCREENREADER,sabik/sabik-web-r01.js,KEEP,Estado.
sabik.privacy.memory,panel,privacy,fixed,No guarda historial entre sesiones.,No history is saved between sessions.,No se guarda el historial entre sesiones.,No history is saved between sessions.,SYSTEM_VOICE_OPTIONAL,sabik/iris-mount.mjs,REVISED,Forma impersonal más clara.
sabik.limits,panel,limits,fixed,Comprueba la información importante en las fuentes. Sabik no hace diagnósticos.,Check important information against the sources. Sabik does not make diagnoses.,Comprueba la información importante en las fuentes. Sabik no realiza diagnósticos.,Check important information against the sources. Sabik does not make diagnoses.,SYSTEM_VOICE_OPTIONAL,sabik/iris-mount.mjs,REVISED,Registro más natural en ES.
sabik.browse,panel,navigation,fixed,Explorar los recursos,Explore resources,Explorar los recursos,Explore resources,UI_ONLY,sabik/iris-mount.mjs,KEEP,Enlace.
sabik.input.placeholder,panel,input,fixed,Por ejemplo: el ruido me agota,For example: noise drains me,Por ejemplo: el ruido me agota,For example: noise drains me,UI_ONLY,sabik/iris-mount.mjs,KEEP,"Ejemplo de entrada, no afirmación sobre el usuario."
sabik.reset.confirmation,panel,reset,fixed,La consulta y los resultados se han borrado.,Your query and results have been cleared.,La consulta y los resultados se han borrado.,Your query and results have been cleared.,SYSTEM_VOICE,sabik/iris-mount.mjs,KEEP,Resultado observable.
sabik.search.busy,panel,retrieving,fixed,Buscando en las fuentes de Iris Green.,Searching Iris Green sources.,Buscando en las fuentes de Iris Green.,Searching Iris Green sources.,SYSTEM_VOICE,sabik/iris-mount.mjs,KEEP,Estado breve.
sabik.connection.error,panel,error,fixed,No se pudo conectar. Puedes intentarlo de nuevo o usar el buscador de Iris Green.,Could not connect. Try again or use the Iris Green search.,No se pudo conectar. Puedes intentarlo de nuevo o usar el buscador de Iris Green.,Could not connect. You can try again or use Iris Green's search.,SYSTEM_VOICE,sabik/iris-mount.mjs,REVISED,Inglés más equivalente.
sabik.input.empty,panel,input_error,fixed,Escribe qué necesitas.,Write what you need.,Escribe qué necesitas.,Write what you need.,SYSTEM_VOICE,sabik/iris-mount.mjs,KEEP,Directo.
sabik.source_language.es,panel,source_notice,fixed,Las citas originales están en español.,Original quotations are in Spanish.,Las citas originales están en español.,The original quotations are in Spanish.,SYSTEM_VOICE_OPTIONAL,sabik/iris-mount.mjs,REVISED,Artículo natural en EN.
sabik.results.heading,retrieval,results,fixed,Resultados en Iris Green,Results from Iris Green,Resultados en Iris Green,Results from Iris Green,UI_SCREENREADER,sabik/retrieval-panel.js,KEEP,Encabezado.
sabik.results.empty,retrieval,empty,fixed,No hay resultados de Iris Green para esta consulta.,There are no Iris Green results for this query.,No hay resultados en Iris Green para esta consulta.,There are no results in Iris Green for this query.,SYSTEM_VOICE,sabik/retrieval-panel.js,REVISED,ES/EN natural.
sabik.results.error,retrieval,error,fixed,No se pudieron cargar los resultados de Iris Green. Puedes volver a intentarlo.,The Iris Green results could not be loaded. You can try again.,No se pudieron cargar los resultados de Iris Green. Puedes intentarlo de nuevo.,The Iris Green results could not be loaded. You can try again.,SYSTEM_VOICE,sabik/retrieval-panel.js,REVISED,Consistencia con otros errores.
sabik.results.cancelled,retrieval,cancelled,fixed,La consulta se canceló. No se mostrarán resultados antiguos.,The query was cancelled. Older results will not be shown.,La consulta se ha cancelado. No se mostrarán resultados anteriores.,The query has been cancelled. Earlier results will not be shown.,SYSTEM_VOICE,sabik/retrieval-panel.js,REVISED,Evita 'antiguos' y mejora equivalencia.
sabik.results.retry,retrieval,action,fixed,Reintentar,Try again,Reintentar,Try again,UI_ONLY,sabik/retrieval-panel.js,KEEP,Control.
sabik.announce.results.one,retrieval,announcement,fixed,1 resultado disponible.,1 result available.,1 resultado disponible.,1 result available.,SCREENREADER_ONLY,sabik/retrieval-panel.js,KEEP,Live region.
sabik.announce.results.many,retrieval,announcement,template,{count} resultados disponibles.,{count} results available.,{count} resultados disponibles.,{count} results available.,SCREENREADER_ONLY,sabik/retrieval-panel.js,KEEP,Plantilla live region.
sabik.announce.empty,retrieval,announcement,fixed,No hay resultados disponibles.,No results are available.,No hay resultados disponibles.,No results are available.,SCREENREADER_ONLY,sabik/retrieval-panel.js,KEEP,Live region.
sabik.announce.error,retrieval,announcement,fixed,No se pudieron cargar los resultados. Puedes volver a intentarlo.,The results could not be loaded. You can try again.,No se pudieron cargar los resultados. Puedes intentarlo de nuevo.,The results could not be loaded. You can try again.,SCREENREADER_ONLY,sabik/retrieval-panel.js,REVISED,Consistencia.
sabik.announce.cancelled,retrieval,announcement,fixed,Consulta cancelada.,Query cancelled.,Consulta cancelada.,Query cancelled.,SCREENREADER_ONLY,sabik/retrieval-panel.js,KEEP,Live region.
