Plataforma;Cuenta;Nombre;Idioma;Pais_publico;Tema;Relacion;Nos_sigue;La_seguimos;Primer_contacto;Ultimo_contacto;Interacciones_aprox;Respondio;Siguiente_accion;Fecha_revision;Notas
INSTAGRAM;journey.withjenn;Jenn;EN;NO_VERIFICADO;Recursos cotidianos;HABITUAL;NO_VERIFICADO;NO_VERIFICADO;PREVIO;2026-09-30;NO_CUANTIFICADO;SI_PREVIO;Pregunta sobre situaciones prioritarias;2026-10-01;Respuesta propia reciente
INSTAGRAM;susialisa;Talia;EN;NO_VERIFICADO;Comunidad familiar;HABITUAL;NO_VERIFICADO;NO_VERIFICADO;PREVIO;2026-09-30;NO_CUANTIFICADO;SI_PREVIO;Revisar siguiente publicación pertinente;2026-10-01;Misma relación que talia_alisa
INSTAGRAM;tomasperanton;Tomás;ES;NO_VERIFICADO;Información clara;HABITUAL;NO_VERIFICADO;NO_VERIFICADO;PREVIO;2026-09-30;NO_CUANTIFICADO;SI_PREVIO;Esperar respuesta sobre situación prioritaria;2026-10-01;Respuesta propia reciente
INSTAGRAM;mundomagicocuentosinfantiles;Kati;ES;NO_VERIFICADO;Cuentos;HABITUAL;NO_VERIFICADO;NO_VERIFICADO;PREVIO;2026-09-30;NO_CUANTIFICADO;SI_PREVIO;Revisar siguiente publicación;2026-10-01;Continuación en campaña
INSTAGRAM;addwingstoyoursoul;Malou;EN;NO_VERIFICADO;Comunidad;HABITUAL;NO_VERIFICADO;NO_VERIFICADO;PREVIO;2026-09-30;NO_CUANTIFICADO;SI_PREVIO;Leer hilo completo antes de intervenir;2026-10-01;Respuesta extra redundante encontrada después
INSTAGRAM;simple_n_hygge;;EN;NO_VERIFICADO;Lugares e historias;HABITUAL;NO_VERIFICADO;NO_VERIFICADO;PREVIO;2026-09-30;NO_CUANTIFICADO;SI_PREVIO;Ver publicación pertinente después;2026-10-01;Jamás usar nombre real público
INSTAGRAM;doritauthor;Dorit;EN;NO_VERIFICADO;Cuentos;HABITUAL;NO_VERIFICADO;NO_VERIFICADO;PREVIO;2026-09-30;NO_CUANTIFICADO;SI_PREVIO;Esperar respuesta Luma;2026-10-01;Reactivación de comentario antiguo
INSTAGRAM;bellahalfon;Bella;EN;NO_VERIFICADO;Lectura;HABITUAL;NO_VERIFICADO;NO_VERIFICADO;PREVIO;2026-09-30;NO_CUANTIFICADO;SI_PREVIO;Esperar respuesta Luma;2026-10-01;Nunca empezar respuesta con su nombre
INSTAGRAM;managing_on_the_spectrum;Dan;EN;NO_VERIFICADO;Experiencia cotidiana;HABITUAL;NO_VERIFICADO;NO_VERIFICADO;PREVIO;2026-09-30;NO_CUANTIFICADO;SI_PREVIO;Continuar si responde;2026-10-01;Amigo especial: hablar como amigo
INSTAGRAM;lexicards_gr;María;ES/EN;NO_VERIFICADO;Juego bilingüe;HABITUAL;NO_VERIFICADO;NO_VERIFICADO;PREVIO;2026-09-30;NO_CUANTIFICADO;SI_PREVIO;Esperar respuesta actividad favorita;2026-10-01;Intercambio real Butterfly Week
INSTAGRAM;joyfullearningforall;;EN;NO_VERIFICADO;Escritura y aprendizaje;HABITUAL;NO_VERIFICADO;NO_VERIFICADO;PREVIO;2026-09-30;NO_CUANTIFICADO;SI_PREVIO;Volver cuando comparta siguiente propuesta;2026-10-01;Respondió a contacto de ocho semanas
INSTAGRAM;jamminwithsasha;Sasha;EN/ES;Canada;Música bilingüe;HABITUAL;NO_VERIFICADO;NO_VERIFICADO;PREVIO;2026-09-30;NO_CUANTIFICADO;SI_PREVIO;Esperar respuesta Hola/Hello;2026-10-01;Canadá público, no contar como UK
INSTAGRAM;caty2511.art;Caty;ES;NO_VERIFICADO;Comunidad y arte;HABITUAL;NO_VERIFICADO;NO_VERIFICADO;PREVIO;2026-09-30;NO_CUANTIFICADO;SI_PREVIO;Esperar nueva conversación;2026-10-01;Última respuesta reconocida con like
INSTAGRAM;life_withkason;;EN;NO_VERIFICADO;Comunidad familiar;CALIDA;NO_VERIFICADO;NO_VERIFICADO;2026-09-29;2026-09-30;2;SI;Volver ante contenido pertinente;2026-10-01;Respondió al contacto previo según notificación
INSTAGRAM;lamiradaderita;;ES;NO_VERIFICADO;Lectura;CALIDA;NO_VERIFICADO;NO_VERIFICADO;2026-09-29;2026-09-30;2;REACCION;Revisar siguiente publicación;2026-10-01;Señal cálida débil: like en comentario
INSTAGRAM;autismo_madrid;;ES;Espana;Recursos y accesibilidad;NUEVA;NO_VERIFICADO;SI;2026-09-30;2026-09-30;1;NO_OBSERVADO;Revisar respuesta a capítulos de ponencias;2026-10-07;Próxima visita contextual 01/10
INSTAGRAM;nationalautisticsociety;;EN;UK;Voces autistas e inclusión;NUEVA;NO_VERIFICADO;SI;2026-09-30;2026-09-30;1;NO_OBSERVADO;Revisar respuesta o nuevo contenido;2026-10-07;Próxima visita contextual 01/10
FACEBOOK;ARASAAC;;ES;Espana;CAA y recursos educativos;CALIDA;NO_VERIFICADO;SI;2026-09-29;2026-09-30;2;REACCION_COLABORADORA;Revisar pregunta sobre menos elementos;2026-10-01;Like de Almu Denada, no respuesta de entidad
FACEBOOK;Autisticacharity;Autistica;EN;UK;Investigación y recursos;NUEVA;NO_VERIFICADO;SI;2026-09-29;2026-09-30;1;NO_OBSERVADO;Esperar contenido o respuesta pertinentes;2026-10-06;Hilo previo revisado sin duplicar
FACEBOOK;AutisticGirlsNetwork;;EN;UK;Participación y recursos;NUEVA;NO_VERIFICADO;SI;2026-09-29;2026-09-30;NO_CUANTIFICADO;NO_OBSERVADO;Revisar contexto de comentarios anteriores;2026-10-06;Grupo privado: sin solicitud enviada
FACEBOOK;NationalAutisticSociety;;EN;UK;Autoconocimiento;NUEVA;NO_VERIFICADO;SI;2026-09-30;2026-09-30;1;NO_OBSERVADO;Revisar comentario relato Joe;2026-10-07;Próxima visita contextual 01/10
FACEBOOK;AutismoMadrid;;ES;Espana;Red de apoyos;NUEVA;NO_VERIFICADO;SI;2026-09-30;2026-09-30;1;NO_OBSERVADO;Revisar dónde localizar entidad cercana;2026-10-07;Seguimiento individual verificado
FACEBOOK;fundacionconectea;;ES;Espana;Actividades inclusivas;NUEVA;NO_VERIFICADO;SI;2026-09-30;2026-09-30;1;NO_OBSERVADO;Revisar respuesta sobre espacio tranquilo;2026-10-07;Caminata 03/10, revisar antes si contestan
FACEBOOK;Mencap;;EN;UK;Apoyos y lectura fácil;NUEVA;NO_VERIFICADO;SI;2026-09-30;2026-09-30;1;NO_OBSERVADO;Revisar pregunta Easy Read transición;2026-10-07;Próxima visita contextual 01/10
TIKTOK;funnyautismmom;;EN;NO_VERIFICADO;Libros y comunidad;CALIDA;SI_AMIGOS;SI_AMIGOS;PREVIO;2026-09-30;NO_CUANTIFICADO;SI_PREVIO;Responder agradecimiento cuando acceso operativo;PENDIENTE_REACTIVACION;Intento de respuesta no verificado, usuario pausa TikTok
TIKTOK;rileys_adventures2014;Jess & Riley;EN;UK;Experiencia familiar y Mencap;NUEVA;NO_VERIFICADO;NO;2026-09-30;2026-09-30;1;NO_OBSERVADO;Volver a pregunta entrevista tras reactivación;PENDIENTE_REACTIVACION;Comentario nuevo verificado antes de pausa
