"Orden_fuente";"Cuenta_raw";"Cuenta_normalizada_sin_inferir";"Relacion_operativa";"Nota_trato_exacta";"Alias_o_incidencia";"Ultima_revision";"Ultima_interaccion"
"1";"`abuelitaemy`";"abuelitaemy";"HABITUAL";"Comentarios mutuos. Cariño habitual.";"IDENTIDAD_VERIFICADA_20260930; YA_COMENTADA_HOY";"2026-09-30";"2026-09-30"
"2";"`addwin...`";"addwingstoyoursoul";"HABITUAL";"Relación cercana. Hablan ocasionalmente por privado y hay cariño.";"IDENTIDAD_VERIFICADA_20260930; COMENTADA";"2026-09-30";"2026-09-30"
"3";"`aikon...`";"aikoandegor";"HABITUAL";"Comentarios mutuos.";"IDENTIDAD_VERIFICADA_20260930; COMENTADA";"2026-09-30";"2026-09-30"
"4";"`alt...`";"alt_audhd";"HABITUAL";"No suele comentar, pero ayudó a María a promocionar Luma sin conocerla. Trato agradecido y cariñoso.";"IDENTIDAD_VERIFICADA_20260930; COMENTADA";"2026-09-30";"2026-09-30"
"5";"Ana / cuenta de cuentos";"anajdreams";"HABITUAL";"Escritora de cuentos, encantadora; relación habitual.";"IDENTIDAD_VERIFICADA_20260930; YA_COMENTADA";"2026-09-30";""
"6";"`amyd...`";"amyd_mom_author";"HABITUAL";"Comentarios mutuos.";"IDENTIDAD_VERIFICADA_20260930; COMENTADA";"2026-09-30";"2026-09-30"
"7";"Anabel";"anabellatevar";"HABITUAL";"Comentarios mutuos.";"IDENTIDAD_VERIFICADA_20260930; COMENTADA";"2026-09-30";"2026-09-30"
"8";"`ashleychang...`";"ashleychang22";"HABITUAL";"Comentarios mutuos.";"IDENTIDAD_VERIFICADA_20260930; COMENTADA_TANDA_ANTERIOR";"2026-09-30";"2026-09-30"
"9";"`autiharriet`";"autieharriett";"HABITUAL";"Comentarios mutuos.";"IDENTIDAD_VERIFICADA_20260930; COMENTADA";"2026-09-30";"2026-09-30"
"10";"`autismsupermom`";"autismsupermoms";"HABITUAL";"Comentarios mutuos.";"IDENTIDAD_VERIFICADA_20260930; COMENTADA";"2026-09-30";"2026-09-30"
"11";"`autismma...`";"autismmamamagic";"HABITUAL";"Comentarios mutuos.";"IDENTIDAD_VERIFICADA_20260930; COMENTADA";"2026-09-30";"2026-09-30"
"12";"`autismo creciendo juntos`";"autismo.creciendojuntos";"HABITUAL";"Comentarios mutuos.";"IDENTIDAD_VERIFICADA_20260930; COMENTADA";"2026-09-30";"2026-09-30"
"13";"`autismovacation`";"autismonvacationblog";"HABITUAL";"Publica sobre su hija **Brie**. María comentaba sus posts y ella empezó después a comentar los de Iris Green. Cuando la publicación sea sobre Brie, es natural mencionarla por su nombre.";"IDENTIDAD_VERIFICADA_20260930; YA_COMENTADA_HOY";"2026-09-30";"2026-09-30"
"14";"`babylingual...`";"baby.lingual_nurseryschool";"HABITUAL";"Comentarios mutuos.";"IDENTIDAD_VERIFICADA_20260930; YA_COMENTADA";"2026-09-30";""
"15";"Bella Halfon";"bellahalfon";"HABITUAL";"Señora mayor y amiga. **Nunca empezar la respuesta usando su nombre.** Trato de amiga.";"IDENTIDAD_VERIFICADA_20260930; YA_COMENTADA";"2026-09-30";"2026-09-30"
"16";"`between...`";"between_thoughts_and_words";"HABITUAL";"Comentarios mutuos.";"IDENTIDAD_VERIFICADA_20260930; COMENTADA";"2026-09-30";"2026-09-30"
"17";"Boutique / Authentikids";"boutiqueauthentikids";"HABITUAL";"Persona especial. Tiene una tienda con dibujos de su hijo pequeño neurodivergente. Trato especialmente cariñoso.";"IDENTIDAD_VERIFICADA_20260930; YA_COMENTADA_HOY";"2026-09-30";"2026-09-30"
"18";"Briars";"briars._profound_autism";"HABITUAL";"Relación previa: María la ayudó a buscar comida para su hijo. Trato cercano.";"IDENTIDAD_VERIFICADA_20260930; YA_COMENTADA";"2026-09-30";""
"19";"Busybee";"busybeexplorers";"HABITUAL";"Comentarios mutuos.";"IDENTIDAD_VERIFICADA_20260930; COMENTADA";"2026-09-30";"2026-09-30"
"20";"Caty";"caty2511.art";"HABITUAL";"Persona encantadora. Trato cariñoso y cercano.";"IDENTIDAD_VERIFICADA_20260930; COMENTADA";"2026-09-30";"2026-09-30"
"21";"Dorit";"doritauthor";"HABITUAL";"**Persona especial.** María la considera un encanto. Mucho cariño.";"IDENTIDAD_VERIFICADA_20260930; COMENTADA";"2026-09-30";"2026-09-30"
"22";"Crid";"educar.conalma";"HABITUAL";"Relación normal; hablan de vez en cuando.";"IDENTIDAD_VERIFICADA_20260930; COMENTADA";"2026-09-30";"2026-09-30"
"23";"Míriam";"educadoramiri";"HABITUAL";"Relación normal; hablan de vez en cuando.";"IDENTIDAD_VERIFICADA_20260930; COMENTADA";"2026-09-30";"2026-09-30"
"24";"Clara";"elpuentedelasmilchispas";"HABITUAL";"Relación normal; hablan de vez en cuando.";"IDENTIDAD_VERIFICADA_20260930; COMENTADA";"2026-09-30";"2026-09-30"
"25";"resto del bloque correspondiente";"resto del bloque correspondiente";"NO_APLICA";"Comentarios mutuos con cariño.";"PLACEHOLDER_NO_ES_CUENTA";"";""
"26";"`etherealnatu...` — Aida";"etherealnature0";"HABITUAL";"Joven con la que se usa un tono especialmente amable y cuidadoso. Comentarios mutuos.";"IDENTIDAD_VERIFICADA_20260930; COMENTADA";"2026-09-30";"2026-09-30"
"27";"`fdezfdezmariangeles` — Mari Ángeles";"fdezfdezmariangeles";"HABITUAL";"Comentarios mutuos.";"IDENTIDAD_VERIFICADA_20260930; COMENTARIOS_NO_DISPONIBLES";"2026-09-30";""
"28";"`hamara_sa_ghar_`";"hamara_sa_ghar_";"HABITUAL";"Comentarios mutuos.";"IDENTIDAD_VERIFICADA_20260930; COMENTADA";"2026-09-30";"2026-09-30"
"29";"`hers_sugey`";"heras_sugey";"HABITUAL";"Comentarios mutuos.";"IDENTIDAD_VERIFICADA_20260930; COMENTADA";"2026-09-30";"2026-09-30"
"30";"`hiddenfeelin...`";"hiddenfeelings2207";"HABITUAL";"Comentarios mutuos.";"IDENTIDAD_VERIFICADA_20260930; COMENTADA";"2026-09-30";"2026-09-30"
"31";"`ilov.someonewithautism`";"ilov.someonewithautism";"HABITUAL";"Comentarios mutuos.";"IDENTIDAD_VERIFICADA_20260930; YA_COMENTADA";"2026-09-30";""
"32";"`inclucialpt`";"inclucialpt";"HABITUAL";"Comentarios mutuos.";"IDENTIDAD_VERIFICADA_20260930; COMENTADA";"2026-09-30";"2026-09-30"
"33";"`jamminwithsasha`";"jamminwithsasha";"HABITUAL";"Comentarios mutuos.";"IDENTIDAD_VERIFICADA_20260930; YA_COMENTADA";"2026-09-30";"2026-09-30"
"34";"`jennychristensen.eu`";"jennychristensen.eu";"HABITUAL";"Comentarios mutuos.";"IDENTIDAD_VERIFICADA_20260930; COMENTADA";"2026-09-30";"2026-09-30"
"35";"`jorgedoespbl` — Jorge";"jorgedoespbl";"HABITUAL";"Amigo/habitual. Cariño natural.";"IDENTIDAD_VERIFICADA_20260930; COMENTADA";"2026-09-30";"2026-09-30"
"36";"`journey.withjenn`";"journey.withjenn";"HABITUAL";"Comentarios mutuos.";"IDENTIDAD_VERIFICADA_20260930; COMENTADA";"2026-09-30";"2026-09-30"
"37";"`joyfullearnin...`";"joyfullearningforall";"HABITUAL";"Comentarios mutuos.";"IDENTIDAD_VERIFICADA_20260930; COMENTADA";"2026-09-30";"2026-09-30"
"38";"`kingdom_of_colourful_feelings`";"kingdom_of_colourful_feelings";"HABITUAL";"Comentarios mutuos.";"IDENTIDAD_VERIFICADA_20260930; COMENTADA";"2026-09-30";"2026-09-30"
"39";"`koala_by_ana` — Ana";"koala_by_ana";"HABITUAL";"Profesora. Hace **cuencos sensoriales muy bonitos**. Comentarios mutuos; se puede mencionar lo concreto de sus creaciones.";"IDENTIDAD_VERIFICADA_20260930; YA_COMENTADA_HOY";"2026-09-30";"2026-09-30"
"40";"`kristysheedauthor` — Kristy";"kristysheedauthor";"HABITUAL";"**Persona especial.** Escritora de cuentos; *Girard's Journey* es su cuento. Hablarle con especial cariño.";"IDENTIDAD_VERIFICADA_20260930; COMENTADA";"2026-09-30";"2026-09-30"
"41";"`lachispa.educativa`";"lachispa.educativa";"HABITUAL";"Comentarios mutuos.";"IDENTIDAD_VERIFICADA_20260930; COMENTADA";"2026-09-30";"2026-09-30"
"42";"`leer_es_magi...`";"leer_es_magia90";"HABITUAL";"Comentarios mutuos.";"IDENTIDAD_VERIFICADA_20260930; COMENTADA";"2026-09-30";"2026-09-30"
"43";"`lexicards_gr` — María";"lexicards_gr";"HABITUAL";"**Persona especial.** Trato cercano.";"IDENTIDAD_VERIFICADA_20260930; COMENTADA";"2026-09-30";"2026-09-30"
"44";"`lifeseekers.world` — María";"lifeseekers.world";"HABITUAL";"**Persona especial.** Trato cercano.";"IDENTIDAD_VERIFICADA_20260930; YA_COMENTADA";"2026-09-30";""
"45";"`littletale_land`";"littletale_land";"HABITUAL";"Comentarios mutuos.";"IDENTIDAD_VERIFICADA_20260930; COMENTADA";"2026-09-30";"2026-09-30"
"46";"`londonautis...` — Clare";"londonautismmum";"HABITUAL";"Comentarios mutuos.";"IDENTIDAD_VERIFICADA_20260930; COMENTADA";"2026-09-30";"2026-09-30"
"47";"`maestrasmiles`";"maestrasmiles";"HABITUAL";"Comentarios mutuos.";"IDENTIDAD_VERIFICADA_20260930; COMENTADA";"2026-09-30";"2026-09-30"
"48";"`managing_on_the_spectrum` — Dan";"managing_on_the_spectrum";"HABITUAL";"**Amigo muy especial.** María lo conoció cuando apenas hablaba; ella era prácticamente la única que le comentaba. Poco a poco cogió confianza. Hablan por privado y María le tiene muchísimo aprecio. Él suele dar likes aunque no siempre comenta. Hablarle **como a un amigo**, nunca como a un seguidor.";"IDENTIDAD_VERIFICADA_20260930; YA_COMENTADA_HOY";"2026-09-30";"2026-09-30"
"49";"`masalladelacajitaazul`";"masalladelacajitaazul";"HABITUAL";"Comentarios mutuos.";"IDENTIDAD_VERIFICADA_20260930; COMENTADA";"2026-09-30";"2026-09-30"
"50";"`me.and.adhd.podcast`";"me.and.adhd.podcast";"HABITUAL";"Comentarios mutuos.";"IDENTIDAD_VERIFICADA_20260930; COMENTADA";"2026-09-30";"2026-09-30"
"51";"`me_and_a...` — Mama Natalia";"me_and_autism_matters";"HABITUAL";"Comentarios mutuos.";"IDENTIDAD_VERIFICADA_20260930; COMENTADA";"2026-09-30";"2026-09-30"
"52";"`melissa_amaia_` — Melissa";"melissa_amaia_";"HABITUAL";"Comentarios mutuos.";"IDENTIDAD_VERIFICADA_20260930; COMENTADA";"2026-09-30";"2026-09-30"
"53";"`midlifemo...`";"midlifemom.autismjourney";"HABITUAL";"Comentarios mutuos.";"IDENTIDAD_VERIFICADA_20260930; COMENTADA";"2026-09-30";"2026-09-30"
"54";"`mientras_siga_latiendo`";"mientras_siga_latiendo";"HABITUAL";"Comentarios mutuos.";"IDENTIDAD_VERIFICADA_20260930; COMENTADA";"2026-09-30";"2026-09-30"
"55";"`mimithewitcher` / Mimi";"mimithewitchreader";"HABITUAL";"Comentarios mutuos.";"IDENTIDAD_VERIFICADA_20260930; COMENTADA";"2026-09-30";"2026-09-30"
"56";"`mindfullyincl...`";"mindfullyinclusiveapparel";"HABITUAL";"Comentarios mutuos.";"IDENTIDAD_VERIFICADA_20260930; COMENTADA";"2026-09-30";"2026-09-30"
"57";"`mindfullivingresources`";"mindfullivingresources";"HABITUAL";"Comentarios mutuos.";"IDENTIDAD_VERIFICADA_20260930; COMENTADA";"2026-09-30";"2026-09-30"
"58";"`mindycoreou`";"mindycoreou";"HABITUAL";"Comentarios mutuos.";"IDENTIDAD_VERIFICADA_20260930; COMENTADA";"2026-09-30";"2026-09-30"
"59";"`miss_lucero_jayne`";"miss_lucero_jayne";"HABITUAL";"Comentarios mutuos.";"IDENTIDAD_VERIFICADA_20260930; YA_COMENTADA_HOY";"2026-09-30";"2026-09-30"
"60";"`missdejandohuella`";"missdejandohuella";"HABITUAL";"Comentarios mutuos.";"IDENTIDAD_VERIFICADA_20260930; COMENTADA";"2026-09-30";"2026-09-30"
"61";"`motheroo...`";"motheroohq";"HABITUAL";"Comentarios mutuos.";"IDENTIDAD_VERIFICADA_20260930; COMENTADA";"2026-09-30";"2026-09-30"
"62";"`mouralua...` — María";"mouralua.cuentos";"HABITUAL";"**Persona especial.** Trato especialmente cariñoso.";"IDENTIDAD_VERIFICADA_20260930; COMENTADA";"2026-09-30";"2026-09-30"
"63";"`mumma_and...` — Gini";"mumma_and_miniman";"HABITUAL";"Comentarios mutuos.";"IDENTIDAD_VERIFICADA_20260930; COMENTADA";"2026-09-30";"2026-09-30"
"64";"`mundomagicocuentosinfantiles` — Kati";"mundomagicocuentosinfantiles";"HABITUAL";"**Persona especial.** Trato especialmente cariñoso.";"IDENTIDAD_VERIFICADA_20260930; YA_COMENTADA";"2026-09-30";"2026-09-30"
"65";"`neurodiversosencasa`";"neurodiversosencasa_";"HABITUAL";"Comentarios mutuos.";"IDENTIDAD_VERIFICADA_20260930; COMENTADA";"2026-09-30";"2026-09-30"
"66";"`neurohacked`";"neurohacked";"HABITUAL";"Comentarios mutuos.";"IDENTIDAD_VERIFICADA_20260930; COMENTADA";"2026-09-30";"2026-09-30"
"67";"`new_chapters_neurodiv...`";"new_chapters_neurodivergence";"HABITUAL";"Comentarios mutuos.";"IDENTIDAD_VERIFICADA_20260930; COMENTADA";"2026-09-30";"2026-09-30"
"68";"`nickycooper.life`";"nickycooper.life";"HABITUAL";"Comentarios mutuos.";"IDENTIDAD_VERIFICADA_20260930; COMENTADA_TANDA_ANTERIOR";"2026-09-30";"2026-09-30"
"69";"`olalabeatrice...`";"olalabeatricefle";"HABITUAL";"Comentarios mutuos.";"IDENTIDAD_VERIFICADA_20260930; COMENTADA";"2026-09-30";"2026-09-30"
"70";"`ornellasofiagigante`";"ornellasofiagigante";"HABITUAL";"Comentarios mutuos.";"IDENTIDAD_VERIFICADA_20260930; COMENTADA";"2026-09-30";"2026-09-30"
"71";"`pictea.caa`";"pictea.caa";"HABITUAL";"Comentarios mutuos.";"IDENTIDAD_VERIFICADA_20260930; COMENTADA_TANDA_ANTERIOR";"2026-09-30";"2026-09-30"
"72";"`planet_parent_mc`";"planet_parent_mc";"HABITUAL";"Comentarios mutuos.";"IDENTIDAD_VERIFICADA_20260930; COMENTADA";"2026-09-30";"2026-09-30"
"73";"`play_cook_work`";"play_cook_work";"HABITUAL";"Comentarios mutuos.";"IDENTIDAD_VERIFICADA_20260930; COMENTADA";"2026-09-30";"2026-09-30"
"74";"`playfullystories`";"playfullystories";"HABITUAL";"Comentarios mutuos.";"IDENTIDAD_VERIFICADA_20260930; COMENTADA";"2026-09-30";"2026-09-30"
"75";"`podcast10mi...`";"podcast10minutosmas";"HABITUAL";"Comentarios mutuos.";"IDENTIDAD_VERIFICADA_20260930; COMENTADA";"2026-09-30";"2026-09-30"
"76";"`raisingarthurandthomas10`";"raisingarthurandthomas";"HABITUAL";"Comentarios mutuos.";"IDENTIDAD_VERIFICADA_20260930; COMENTADA";"2026-09-30";"2026-09-30"
"77";"`raisingfuture...`";"raisingfutureminds";"HABITUAL";"Comentarios mutuos.";"IDENTIDAD_VERIFICADA_20260930; COMENTADA";"2026-09-30";"2026-09-30"
"78";"`roge_lector`";"roge_lector";"HABITUAL";"Comentarios mutuos.";"IDENTIDAD_VERIFICADA_20260930; COMENTADA_TANDA_ANTERIOR";"2026-09-30";"2026-09-30"
"79";"`saberqueenmusic`";"saberqueenmusic";"HABITUAL";"Comentarios mutuos.";"IDENTIDAD_VERIFICADA_20260930; COMENTADA";"2026-09-30";"2026-09-30"
"80";"`semillas.de.brillo`";"semillas.de.brillo";"HABITUAL";"Comentarios mutuos.";"IDENTIDAD_VERIFICADA_20260930; COMENTADA_TANDA_ANTERIOR";"2026-09-30";"2026-09-30"
"81";"`sendloveuk`";"sendloveuk";"HABITUAL";"Comentarios mutuos.";"IDENTIDAD_VERIFICADA_20260930; COMENTADA";"2026-09-30";"2026-09-30"
"82";"`simple_n_hygge`";"simple_n_hygge";"HABITUAL";"**Muy especial para María, al nivel de Dan.** Hace publicaciones preciosas, con un aire mágico, sobre lugares de Inglaterra. María conoce su nombre real pero **ella no lo publica: jamás usar ese nombre públicamente**. Hablarle con auténtica cercanía.";"IDENTIDAD_VERIFICADA_20260930; COMENTADA";"2026-09-30";"2026-09-30"
"83";"`softly_heals1`";"softly_heals1";"HABITUAL";"Comentarios mutuos.";"IDENTIDAD_VERIFICADA_20260930; COMENTADA";"2026-09-30";"2026-09-30"
"84";"`speechwithshelly` — Shelly";"speechwithshelly";"HABITUAL";"**Persona especial.** Trato cercano y cariñoso.";"IDENTIDAD_VERIFICADA_20260930; COMENTADA";"2026-09-30";"2026-09-30"
"85";"`speducator_resources` — Danielle";"speducator_resources";"HABITUAL";"**Persona especial/amiga.** Comentar lo concreto de su publicación y hablar con cercanía real.";"IDENTIDAD_VERIFICADA_20260930; YA_COMENTADA";"2026-09-30";""
"86";"`studio__zoomies`";"studio__zoomies";"HABITUAL";"**Persona especial.** Chico con quien María habla a menudo. Trato cercano y cuidadoso; no convertir sus publicaciones personales en consejos profesionales.";"IDENTIDAD_VERIFICADA_20260930; YA_COMENTADA";"2026-09-30";""
"87";"`susialisa` — Talia";"susialisa";"HABITUAL";"**Muy especial.** Talia publica sobre su hija **Alisa**, que también es muy especial para María. Mencionar a Alisa con naturalidad cuando la publicación sea sobre ella.";"IDENTIDAD_VERIFICADA_20260930; COMENTADA";"2026-09-30";"2026-09-30"
"88";"`susanabooks`";"susanabooks";"HABITUAL";"Comentarios mutuos.";"IDENTIDAD_VERIFICADA_20260930; COMENTADA";"2026-09-30";"2026-09-30"
"89";"`talia_alisa`";"talia_alisa";"HABITUAL";"**Es la misma Talia de `susialisa`**, no una relación diferente. Aplicar exactamente el contexto anterior.";"IDENTIDAD_VERIFICADA_20260930; YA_COMENTADA; Cuenta distinta de susialisa, misma persona";"2026-09-30";""
"90";"`taniamaestra...` — Tania";"taniamaestrayautora";"HABITUAL";"Comentarios mutuos.";"IDENTIDAD_VERIFICADA_20260930; COMENTADA";"2026-09-30";"2026-09-30"
"91";"`the_autist...` — Terrie";"the_autistic_mua";"HABITUAL";"Comentarios mutuos.";"IDENTIDAD_VERIFICADA_20260930; COMENTADA";"2026-09-30";"2026-09-30"
"92";"`the_unlikelyfriends`";"the.unlikelyfriends";"HABITUAL";"Comentarios mutuos.";"IDENTIDAD_VERIFICADA_20260930; COMENTADA";"2026-09-30";"2026-09-30"
"93";"`the_wonderful_world_of_blake`";"the_wonderful_world_of_blake";"HABITUAL";"Comentarios mutuos.";"IDENTIDAD_VERIFICADA_20260930; COMENTADA";"2026-09-30";"2026-09-30"
"94";"`the_zac_effect_wss`";"the_zac_effect_wss";"HABITUAL";"Comentarios mutuos.";"IDENTIDAD_VERIFICADA_20260930; COMENTADA";"2026-09-30";"2026-09-30"
"95";"`tintaypiel78`";"tintaypiel78";"HABITUAL";"Comentarios mutuos.";"IDENTIDAD_VERIFICADA_20260930; COMENTADA";"2026-09-30";"2026-09-30"
"96";"`tiny.sparkcreative`";"tiny.sparkcreative";"HABITUAL";"Comentarios mutuos.";"IDENTIDAD_VERIFICADA_20260930; COMENTADA";"2026-09-30";"2026-09-30"
"97";"`tomasperanton...` — Tomás";"tomasperanton";"HABITUAL";"Comentarios mutuos.";"IDENTIDAD_VERIFICADA_20260930; COMENTADA";"2026-09-30";"2026-09-30"
"98";"`tonigarcia_8...` — Toni";"toni_garcia8677";"HABITUAL";"**Persona especial.** Escritor de poesía y novelas; María lo considera un hombre encantador. Hablarle con especial cariño y tener presente su faceta de escritor cuando sea pertinente.";"IDENTIDAD_VERIFICADA_20260930; COMENTADA";"2026-09-30";"2026-09-30"
"99";"`tribuazul.autismo`";"tribuazul.autismo";"HABITUAL";"Comentarios mutuos.";"IDENTIDAD_VERIFICADA_20260930; COMENTADA";"2026-09-30";"2026-09-30"
"100";"`tribudecu...`";"tribudecuentos";"HABITUAL";"Comentarios mutuos.";"IDENTIDAD_VERIFICADA_20260930; COMENTADA";"2026-09-30";"2026-09-30"
"101";"`unshaken_words`";"unshaken_words";"HABITUAL";"Comentarios mutuos.";"IDENTIDAD_VERIFICADA_20260930; COMENTADA";"2026-09-30";"2026-09-30"
"102";"`usha.nagava...`";"usha.nagavarapu";"HABITUAL";"Comentarios mutuos.";"IDENTIDAD_VERIFICADA_20260930; COMENTADA";"2026-09-30";"2026-09-30"
"103";"`vanelieba...`";"vaneliebana78";"HABITUAL";"Comentarios mutuos.";"IDENTIDAD_VERIFICADA_20260930; COMENTADA";"2026-09-30";"2026-09-30"
"104";"`verse.and.venom` — Lea";"verse.and.venom";"HABITUAL";"**Persona especial.** Joven encantadora a la que María tiene cariño. Hablar como entre amigas/conocidas cercanas, no como marca.";"IDENTIDAD_VERIFICADA_20260930; COMENTADA";"2026-09-30";"2026-09-30"
"105";"`weepywillowworks`";"weepywillowworks";"HABITUAL";"Comentarios mutuos.";"IDENTIDAD_VERIFICADA_20260930; COMENTADA";"2026-09-30";"2026-09-30"
"106";"`writtenbysam_`";"writtenbysam__";"HABITUAL";"Comentarios mutuos.";"IDENTIDAD_VERIFICADA_20260930; COMENTADA";"2026-09-30";"2026-09-30"
"107";"`yanpang_angh`";"yanpang_angh";"HABITUAL";"Comentarios mutuos.";"IDENTIDAD_VERIFICADA_20260930; COMENTADA";"2026-09-30";"2026-09-30"
"108";"`yoguipsico`";"yoguipsico";"HABITUAL";"Comentarios mutuos.";"IDENTIDAD_VERIFICADA_20260930; COMENTADA";"2026-09-30";"2026-09-30"
"109";"rochesterzucconi";"rochesterzucconi";"HABITUAL";"Cuenta presente en captura original; trato cálido y concreto.";"RECUPERADA_DE_CAPTURA; COMENTADA";"2026-09-30";"2026-09-30"
"110";"esteeeeeefi_";"esteeeeeefi_";"HABITUAL";"Cuenta presente en captura original; trato cálido y concreto.";"RECUPERADA_DE_CAPTURA; COMENTADA";"2026-09-30";"2026-09-30"
"111";"solosipsandsoftness";"solosipsandsoftness";"HABITUAL";"Cuenta presente en captura original; trato cálido y concreto.";"RECUPERADA_DE_CAPTURA; COMENTADA";"2026-09-30";"2026-09-30"
"112";"miriamhiguerasart";"miriamhiguerasart";"HABITUAL";"Cuenta presente en captura original; trato cálido y concreto.";"RECUPERADA_DE_CAPTURA; COMENTADA";"2026-09-30";"2026-09-30"
