Plataforma;Cuenta;Nombre;Fecha_follow;Motivo_follow;Primer_contacto_verificado;Ultima_interaccion;Proxima_revision;Estado_relacion;Reciprocidad_observada;Decision_7d;Notas
INSTAGRAM;autismo_madrid;Autismo Madrid;2026-09-30;Recursos y accesibilidad;Comentario sobre capítulos/ponencias;2026-09-30;2026-10-01;NUEVA;NO_OBSERVADA;PENDIENTE;Revisión estratégica 07/10
INSTAGRAM;nationalautisticsociety;National Autistic Society;2026-09-30;Voces autistas e inclusión;Comentario externo verificado;2026-09-30;2026-10-01;NUEVA;LIKE_A_COMENTARIO_IRIS;PENDIENTE;Revisar nueva publicación pertinente
INSTAGRAM;autismwestmids;Autism West Midlands;2026-09-30;Actividad comunitaria autismo UK;Pregunta sobre grupo de arte;2026-09-30;2026-10-01;NUEVA;NO_OBSERVADA;PENDIENTE;Follow verificado como Siguiendo
INSTAGRAM;autismo_espana;Autismo España;2026-09-30;Formación y recursos autismo España;Pregunta sobre materiales del curso;2026-09-30;2026-10-01;NUEVA;NO_OBSERVADA;PENDIENTE;Follow verificado como Siguiendo
INSTAGRAM;autisticauk;Autistica;2026-09-30;Accesibilidad e investigación UK;Pregunta sobre feedback del espacio tranquilo;2026-09-30;2026-10-01;NUEVA;NO_OBSERVADA;PENDIENTE;Follow verificado como Siguiendo
FACEBOOK;NationalAutisticSociety;National Autistic Society;2026-09-30;Autoconocimiento e inclusión;Comentario relato Joe;2026-09-30;2026-10-01;NUEVA;NO_OBSERVADA;PENDIENTE;Revisión individual 07/10
FACEBOOK;AutismoMadrid;Autismo Madrid;2026-09-30;Red de apoyos;Pregunta sobre entidad cercana;2026-09-30;2026-10-01;NUEVA;NO_OBSERVADA;PENDIENTE;Revisión individual 07/10
FACEBOOK;fundacionconectea;Fundación ConecTEA;2026-09-30;Actividades inclusivas;Comentario sobre espacio tranquilo;2026-09-30;2026-10-01;NUEVA;NO_OBSERVADA;PENDIENTE;Caminata 03/10
FACEBOOK;Mencap;Mencap;2026-09-30;Apoyos y lectura fácil;Pregunta Easy Read transición;2026-09-30;2026-10-01;NUEVA;NO_OBSERVADA;PENDIENTE;Revisión individual 07/10
FACEBOOK;FUNDACION_MIRADAS_PENDIENTE_HANDLE;Fundación Miradas Autismo;2026-09-30;Campus Unidiversidad y recursos;Pregunta sobre recursos públicos;2026-09-30;2026-10-01;NUEVA;NO_OBSERVADA;PENDIENTE;Nombre de página verificado, handle exacto pendiente
FACEBOOK;plenainclusionmadrid;Plena Inclusión Madrid;2026-09-30;Apoyos y recursos para familias;Pregunta sobre centro de día Granja San José;2026-09-30;2026-10-01;NUEVA;NO_OBSERVADA;PENDIENTE;Follow verificado como Siguiendo
