id;surface;title_es;discovery;safe_variant_group
global-188;condition;Abuso y explotación;SAFE_VARIANT_REQUIRED;abuse_exploitation
global-200;condition;Anorexia nerviosa;SAFE_VARIANT_REQUIRED;eating_disorder
global-212;condition;Trastorno por atracón;SAFE_VARIANT_REQUIRED;eating_disorder
global-224;condition;Bulimia nerviosa;SAFE_VARIANT_REQUIRED;eating_disorder
global-237;condition;Trastornos de la conducta alimentaria (TCA);SAFE_VARIANT_REQUIRED;eating_disorder
global-320;condition;Otros trastornos alimentarios especificados (OSFED);SAFE_VARIANT_REQUIRED;eating_disorder
global-360;condition;TEPT / trastorno por estrés postraumático;SAFE_VARIANT_REQUIRED;trauma
global-395;condition;TEPT complejo;SAFE_VARIANT_REQUIRED;trauma
library-022;library;ARFID, TCA y pica: cuándo el apoyo cotidiano necesita atención clínica;SAFE_VARIANT_REQUIRED;eating_disorder
library-057;library;Abuso, explotación y relaciones seguras;SAFE_VARIANT_REQUIRED;abuse_exploitation
research-005;research;ARFID frente a anorexia y bulimia en jóvenes;SAFE_VARIANT_REQUIRED;eating_disorder
research-036;research;Pensamientos y conductas suicidas en personas autistas;SAFE_VARIANT_REQUIRED;suicide_self_harm
research-037;research;Riesgo de autolesión y suicidabilidad en personas autistas;SAFE_VARIANT_REQUIRED;suicide_self_harm
research-045;research;Rasgos autistas y anorexia nerviosa;SAFE_VARIANT_REQUIRED;eating_disorder
research-046;research;Tratamiento de los TCA en personas autistas o con rasgos autistas altos;SAFE_VARIANT_REQUIRED;eating_disorder
research-071;research;Identidad de género, orientación sexual y experiencias sexuales adversas en mujeres autistas;SAFE_VARIANT_REQUIRED;sexual_adverse_experience
